[1,["6dUehMYS1I86N6Ai1FPAuv"],["spriteFrame"],[["cc.BitmapFont",["_name","fontSize","_fntConfig"],0]],[[0,0,1,2,4]],[[0,"font_title",32,{"commonHeight":40,"fontSize":32,"atlasName":"font_title.png","fontDefDictionary":{"9":{"xOffset":0,"yOffset":0,"xAdvance":80,"rect":{"x":0,"y":0,"width":0,"height":0}},"32":{"xOffset":0,"yOffset":0,"xAdvance":8,"rect":{"x":0,"y":0,"width":0,"height":0}},"33":{"xOffset":0,"yOffset":17,"xAdvance":7,"rect":{"x":396,"y":57,"width":7,"height":23}},"34":{"xOffset":0,"yOffset":16,"xAdvance":11,"rect":{"x":315,"y":244,"width":11,"height":11}},"35":{"xOffset":0,"yOffset":17,"xAdvance":15,"rect":{"x":284,"y":68,"width":15,"height":23}},"36":{"xOffset":0,"yOffset":15,"xAdvance":14,"rect":{"x":346,"y":111,"width":14,"height":28}},"37":{"xOffset":0,"yOffset":17,"xAdvance":24,"rect":{"x":0,"y":24,"width":24,"height":23}},"38":{"xOffset":0,"yOffset":16,"xAdvance":20,"rect":{"x":22,"y":229,"width":20,"height":24}},"39":{"xOffset":0,"yOffset":16,"xAdvance":6,"rect":{"x":361,"y":222,"width":6,"height":11}},"40":{"xOffset":0,"yOffset":16,"xAdvance":8,"rect":{"x":394,"y":186,"width":8,"height":28}},"41":{"xOffset":0,"yOffset":16,"xAdvance":8,"rect":{"x":395,"y":138,"width":8,"height":28}},"42":{"xOffset":0,"yOffset":16,"xAdvance":13,"rect":{"x":360,"y":234,"width":13,"height":15}},"43":{"xOffset":0,"yOffset":21,"xAdvance":16,"rect":{"x":234,"y":228,"width":16,"height":19}},"44":{"xOffset":0,"yOffset":32,"xAdvance":9,"rect":{"x":375,"y":132,"width":9,"height":11}},"45":{"xOffset":0,"yOffset":28,"xAdvance":10,"rect":{"x":44,"y":184,"width":10,"height":6}},"46":{"xOffset":0,"yOffset":32,"xAdvance":7,"rect":{"x":144,"y":247,"width":7,"height":8}},"47":{"xOffset":0,"yOffset":16,"xAdvance":11,"rect":{"x":374,"y":0,"width":11,"height":26}},"48":{"xOffset":0,"yOffset":17,"xAdvance":15,"rect":{"x":268,"y":129,"width":15,"height":23}},"49":{"xOffset":0,"yOffset":17,"xAdvance":10,"rect":{"x":376,"y":27,"width":10,"height":23}},"50":{"xOffset":0,"yOffset":17,"xAdvance":15,"rect":{"x":284,"y":25,"width":15,"height":23}},"51":{"xOffset":0,"yOffset":17,"xAdvance":14,"rect":{"x":331,"y":76,"width":14,"height":23}},"52":{"xOffset":0,"yOffset":17,"xAdvance":16,"rect":{"x":251,"y":113,"width":16,"height":23}},"53":{"xOffset":0,"yOffset":17,"xAdvance":14,"rect":{"x":361,"y":83,"width":14,"height":23}},"54":{"xOffset":0,"yOffset":17,"xAdvance":16,"rect":{"x":251,"y":89,"width":16,"height":23}},"55":{"xOffset":0,"yOffset":17,"xAdvance":15,"rect":{"x":284,"y":178,"width":15,"height":23}},"56":{"xOffset":0,"yOffset":17,"xAdvance":16,"rect":{"x":217,"y":133,"width":16,"height":23}},"57":{"xOffset":0,"yOffset":17,"xAdvance":15,"rect":{"x":284,"y":231,"width":15,"height":23}},"58":{"xOffset":0,"yOffset":22,"xAdvance":7,"rect":{"x":386,"y":111,"width":7,"height":18}},"59":{"xOffset":0,"yOffset":22,"xAdvance":8,"rect":{"x":385,"y":228,"width":8,"height":22}},"60":{"xOffset":0,"yOffset":21,"xAdvance":15,"rect":{"x":300,"y":51,"width":15,"height":19}},"61":{"xOffset":0,"yOffset":25,"xAdvance":16,"rect":{"x":64,"y":239,"width":16,"height":11}},"62":{"xOffset":0,"yOffset":21,"xAdvance":16,"rect":{"x":251,"y":213,"width":16,"height":19}},"63":{"xOffset":0,"yOffset":16,"xAdvance":12,"rect":{"x":361,"y":174,"width":12,"height":24}},"64":{"xOffset":0,"yOffset":19,"xAdvance":21,"rect":{"x":22,"y":110,"width":21,"height":24}},"65":{"xOffset":0,"yOffset":17,"xAdvance":19,"rect":{"x":65,"y":156,"width":19,"height":23}},"66":{"xOffset":0,"yOffset":16,"xAdvance":16,"rect":{"x":217,"y":108,"width":16,"height":24}},"67":{"xOffset":0,"yOffset":16,"xAdvance":17,"rect":{"x":182,"y":27,"width":17,"height":24}},"68":{"xOffset":0,"yOffset":16,"xAdvance":19,"rect":{"x":105,"y":225,"width":19,"height":24}},"69":{"xOffset":0,"yOffset":17,"xAdvance":14,"rect":{"x":346,"y":58,"width":14,"height":23}},"70":{"xOffset":0,"yOffset":17,"xAdvance":13,"rect":{"x":361,"y":107,"width":13,"height":23}},"71":{"xOffset":0,"yOffset":16,"xAdvance":18,"rect":{"x":86,"y":95,"width":18,"height":24}},"72":{"xOffset":0,"yOffset":17,"xAdvance":18,"rect":{"x":125,"y":126,"width":18,"height":23}},"73":{"xOffset":0,"yOffset":17,"xAdvance":7,"rect":{"x":396,"y":81,"width":7,"height":23}},"74":{"xOffset":0,"yOffset":17,"xAdvance":12,"rect":{"x":361,"y":150,"width":12,"height":23}},"75":{"xOffset":0,"yOffset":17,"xAdvance":17,"rect":{"x":182,"y":52,"width":17,"height":23}},"76":{"xOffset":0,"yOffset":17,"xAdvance":14,"rect":{"x":202,"y":0,"width":14,"height":23}},"77":{"xOffset":0,"yOffset":17,"xAdvance":22,"rect":{"x":0,"y":48,"width":22,"height":23}},"78":{"xOffset":0,"yOffset":17,"xAdvance":18,"rect":{"x":125,"y":200,"width":18,"height":23}},"79":{"xOffset":0,"yOffset":16,"xAdvance":20,"rect":{"x":64,"y":214,"width":20,"height":24}},"80":{"xOffset":0,"yOffset":16,"xAdvance":15,"rect":{"x":268,"y":153,"width":15,"height":24}},"81":{"xOffset":0,"yOffset":16,"xAdvance":19,"rect":{"x":108,"y":0,"width":19,"height":28}},"82":{"xOffset":0,"yOffset":16,"xAdvance":16,"rect":{"x":268,"y":0,"width":16,"height":24}},"83":{"xOffset":0,"yOffset":16,"xAdvance":14,"rect":{"x":316,"y":219,"width":14,"height":24}},"84":{"xOffset":0,"yOffset":17,"xAdvance":17,"rect":{"x":182,"y":100,"width":17,"height":23}},"85":{"xOffset":0,"yOffset":17,"xAdvance":17,"rect":{"x":181,"y":223,"width":17,"height":23}},"86":{"xOffset":0,"yOffset":17,"xAdvance":19,"rect":{"x":0,"y":232,"width":19,"height":23}},"87":{"xOffset":0,"yOffset":17,"xAdvance":25,"rect":{"x":0,"y":0,"width":25,"height":23}},"88":{"xOffset":0,"yOffset":17,"xAdvance":17,"rect":{"x":184,"y":0,"width":17,"height":23}},"89":{"xOffset":0,"yOffset":17,"xAdvance":18,"rect":{"x":163,"y":115,"width":18,"height":23}},"90":{"xOffset":0,"yOffset":17,"xAdvance":17,"rect":{"x":182,"y":76,"width":17,"height":23}},"91":{"xOffset":0,"yOffset":16,"xAdvance":8,"rect":{"x":394,"y":215,"width":8,"height":28}},"92":{"xOffset":0,"yOffset":16,"xAdvance":10,"rect":{"x":374,"y":228,"width":10,"height":26}},"93":{"xOffset":0,"yOffset":16,"xAdvance":8,"rect":{"x":387,"y":0,"width":8,"height":28}},"94":{"xOffset":0,"yOffset":17,"xAdvance":16,"rect":{"x":200,"y":133,"width":16,"height":18}},"95":{"xOffset":0,"yOffset":39,"xAdvance":15,"rect":{"x":105,"y":250,"width":15,"height":5}},"96":{"xOffset":0,"yOffset":16,"xAdvance":9,"rect":{"x":234,"y":248,"width":9,"height":7}},"97":{"xOffset":0,"yOffset":22,"xAdvance":14,"rect":{"x":300,"y":236,"width":14,"height":18}},"98":{"xOffset":0,"yOffset":15,"xAdvance":16,"rect":{"x":200,"y":53,"width":16,"height":25}},"99":{"xOffset":0,"yOffset":22,"xAdvance":13,"rect":{"x":332,"y":29,"width":13,"height":18}},"100":{"xOffset":0,"yOffset":15,"xAdvance":16,"rect":{"x":234,"y":0,"width":16,"height":25}},"101":{"xOffset":0,"yOffset":22,"xAdvance":15,"rect":{"x":251,"y":233,"width":15,"height":18}},"102":{"xOffset":0,"yOffset":15,"xAdvance":11,"rect":{"x":362,"y":0,"width":11,"height":25}},"103":{"xOffset":0,"yOffset":22,"xAdvance":16,"rect":{"x":234,"y":80,"width":16,"height":24}},"104":{"xOffset":0,"yOffset":15,"xAdvance":15,"rect":{"x":300,"y":25,"width":15,"height":25}},"105":{"xOffset":0,"yOffset":16,"xAdvance":7,"rect":{"x":396,"y":0,"width":7,"height":24}},"106":{"xOffset":0,"yOffset":16,"xAdvance":10,"rect":{"x":376,"y":51,"width":10,"height":30}},"107":{"xOffset":0,"yOffset":15,"xAdvance":16,"rect":{"x":217,"y":157,"width":16,"height":25}},"108":{"xOffset":0,"yOffset":15,"xAdvance":6,"rect":{"x":403,"y":167,"width":6,"height":25}},"109":{"xOffset":0,"yOffset":22,"xAdvance":22,"rect":{"x":0,"y":91,"width":22,"height":18}},"110":{"xOffset":0,"yOffset":22,"xAdvance":15,"rect":{"x":300,"y":104,"width":15,"height":18}},"111":{"xOffset":0,"yOffset":22,"xAdvance":16,"rect":{"x":251,"y":162,"width":16,"height":18}},"112":{"xOffset":0,"yOffset":22,"xAdvance":16,"rect":{"x":234,"y":55,"width":16,"height":24}},"113":{"xOffset":0,"yOffset":22,"xAdvance":16,"rect":{"x":251,"y":137,"width":16,"height":24}},"114":{"xOffset":0,"yOffset":22,"xAdvance":10,"rect":{"x":374,"y":150,"width":10,"height":18}},"115":{"xOffset":0,"yOffset":22,"xAdvance":13,"rect":{"x":361,"y":131,"width":13,"height":18}},"116":{"xOffset":0,"yOffset":18,"xAdvance":11,"rect":{"x":361,"y":199,"width":11,"height":22}},"117":{"xOffset":0,"yOffset":22,"xAdvance":15,"rect":{"x":284,"y":49,"width":15,"height":18}},"118":{"xOffset":0,"yOffset":22,"xAdvance":16,"rect":{"x":25,"y":29,"width":16,"height":18}},"119":{"xOffset":0,"yOffset":22,"xAdvance":22,"rect":{"x":0,"y":72,"width":22,"height":18}},"120":{"xOffset":0,"yOffset":22,"xAdvance":16,"rect":{"x":217,"y":236,"width":16,"height":18}},"121":{"xOffset":0,"yOffset":22,"xAdvance":16,"rect":{"x":217,"y":210,"width":16,"height":25}},"122":{"xOffset":0,"yOffset":22,"xAdvance":13,"rect":{"x":346,"y":234,"width":13,"height":18}},"123":{"xOffset":0,"yOffset":16,"xAdvance":9,"rect":{"x":386,"y":82,"width":9,"height":28}},"124":{"xOffset":0,"yOffset":14,"xAdvance":5,"rect":{"x":404,"y":0,"width":5,"height":34}},"125":{"xOffset":0,"yOffset":16,"xAdvance":9,"rect":{"x":384,"y":199,"width":9,"height":28}},"126":{"xOffset":0,"yOffset":26,"xAdvance":3,"rect":{"x":152,"y":247,"width":3,"height":8}},"192":{"xOffset":0,"yOffset":12,"xAdvance":19,"rect":{"x":68,"y":0,"width":19,"height":28}},"193":{"xOffset":0,"yOffset":12,"xAdvance":19,"rect":{"x":85,"y":190,"width":19,"height":28}},"194":{"xOffset":0,"yOffset":12,"xAdvance":19,"rect":{"x":86,"y":66,"width":19,"height":28}},"195":{"xOffset":0,"yOffset":11,"xAdvance":18,"rect":{"x":126,"y":29,"width":18,"height":29}},"200":{"xOffset":0,"yOffset":12,"xAdvance":14,"rect":{"x":332,"y":0,"width":14,"height":28}},"201":{"xOffset":0,"yOffset":12,"xAdvance":14,"rect":{"x":346,"y":29,"width":14,"height":28}},"202":{"xOffset":0,"yOffset":12,"xAdvance":14,"rect":{"x":331,"y":130,"width":14,"height":28}},"204":{"xOffset":0,"yOffset":12,"xAdvance":9,"rect":{"x":385,"y":132,"width":9,"height":28}},"205":{"xOffset":0,"yOffset":12,"xAdvance":10,"rect":{"x":373,"y":199,"width":10,"height":28}},"210":{"xOffset":0,"yOffset":12,"xAdvance":20,"rect":{"x":44,"y":123,"width":20,"height":28}},"211":{"xOffset":0,"yOffset":12,"xAdvance":20,"rect":{"x":47,"y":0,"width":20,"height":28}},"212":{"xOffset":0,"yOffset":12,"xAdvance":19,"rect":{"x":106,"y":65,"width":19,"height":28}},"213":{"xOffset":0,"yOffset":11,"xAdvance":20,"rect":{"x":64,"y":184,"width":20,"height":29}},"217":{"xOffset":0,"yOffset":12,"xAdvance":17,"rect":{"x":182,"y":124,"width":17,"height":28}},"218":{"xOffset":0,"yOffset":12,"xAdvance":17,"rect":{"x":199,"y":185,"width":17,"height":28}},"221":{"xOffset":0,"yOffset":12,"xAdvance":18,"rect":{"x":163,"y":139,"width":18,"height":28}},"224":{"xOffset":0,"yOffset":16,"xAdvance":14,"rect":{"x":346,"y":209,"width":14,"height":24}},"225":{"xOffset":0,"yOffset":16,"xAdvance":15,"rect":{"x":284,"y":121,"width":15,"height":24}},"226":{"xOffset":0,"yOffset":16,"xAdvance":14,"rect":{"x":316,"y":76,"width":14,"height":24}},"227":{"xOffset":0,"yOffset":16,"xAdvance":14,"rect":{"x":361,"y":27,"width":14,"height":24}},"232":{"xOffset":0,"yOffset":16,"xAdvance":15,"rect":{"x":268,"y":205,"width":15,"height":24}},"233":{"xOffset":0,"yOffset":16,"xAdvance":15,"rect":{"x":268,"y":230,"width":15,"height":24}},"234":{"xOffset":0,"yOffset":16,"xAdvance":15,"rect":{"x":268,"y":53,"width":15,"height":24}},"236":{"xOffset":0,"yOffset":16,"xAdvance":9,"rect":{"x":385,"y":161,"width":9,"height":24}},"237":{"xOffset":0,"yOffset":16,"xAdvance":9,"rect":{"x":376,"y":82,"width":9,"height":24}},"242":{"xOffset":0,"yOffset":16,"xAdvance":16,"rect":{"x":234,"y":171,"width":16,"height":24}},"243":{"xOffset":0,"yOffset":16,"xAdvance":16,"rect":{"x":251,"y":64,"width":16,"height":24}},"244":{"xOffset":0,"yOffset":16,"xAdvance":16,"rect":{"x":217,"y":28,"width":16,"height":24}},"245":{"xOffset":0,"yOffset":16,"xAdvance":15,"rect":{"x":301,"y":0,"width":15,"height":24}},"249":{"xOffset":0,"yOffset":16,"xAdvance":14,"rect":{"x":317,"y":0,"width":14,"height":24}},"250":{"xOffset":0,"yOffset":16,"xAdvance":15,"rect":{"x":316,"y":25,"width":15,"height":24}},"253":{"xOffset":0,"yOffset":16,"xAdvance":16,"rect":{"x":234,"y":196,"width":16,"height":31}},"258":{"xOffset":0,"yOffset":12,"xAdvance":19,"rect":{"x":88,"y":0,"width":19,"height":28}},"259":{"xOffset":0,"yOffset":16,"xAdvance":15,"rect":{"x":285,"y":0,"width":15,"height":24}},"272":{"xOffset":0,"yOffset":16,"xAdvance":20,"rect":{"x":44,"y":98,"width":20,"height":24}},"273":{"xOffset":0,"yOffset":15,"xAdvance":18,"rect":{"x":144,"y":220,"width":18,"height":25}},"296":{"xOffset":0,"yOffset":11,"xAdvance":10,"rect":{"x":374,"y":169,"width":10,"height":29}},"297":{"xOffset":0,"yOffset":16,"xAdvance":10,"rect":{"x":375,"y":107,"width":10,"height":24}},"360":{"xOffset":0,"yOffset":11,"xAdvance":17,"rect":{"x":181,"y":193,"width":17,"height":29}},"361":{"xOffset":0,"yOffset":16,"xAdvance":15,"rect":{"x":300,"y":123,"width":15,"height":24}},"416":{"xOffset":0,"yOffset":14,"xAdvance":21,"rect":{"x":0,"y":171,"width":21,"height":26}},"417":{"xOffset":0,"yOffset":19,"xAdvance":17,"rect":{"x":163,"y":221,"width":17,"height":21}},"431":{"xOffset":0,"yOffset":13,"xAdvance":20,"rect":{"x":43,"y":223,"width":20,"height":27}},"432":{"xOffset":0,"yOffset":19,"xAdvance":17,"rect":{"x":164,"y":29,"width":17,"height":21}},"7840":{"xOffset":0,"yOffset":17,"xAdvance":19,"rect":{"x":65,"y":125,"width":19,"height":30}},"7841":{"xOffset":0,"yOffset":22,"xAdvance":14,"rect":{"x":331,"y":50,"width":14,"height":25}},"7842":{"xOffset":0,"yOffset":9,"xAdvance":19,"rect":{"x":85,"y":125,"width":19,"height":31}},"7843":{"xOffset":0,"yOffset":14,"xAdvance":14,"rect":{"x":347,"y":0,"width":14,"height":26}},"7844":{"xOffset":0,"yOffset":9,"xAdvance":19,"rect":{"x":105,"y":95,"width":19,"height":31}},"7845":{"xOffset":0,"yOffset":13,"xAdvance":16,"rect":{"x":200,"y":79,"width":16,"height":27}},"7846":{"xOffset":0,"yOffset":10,"xAdvance":18,"rect":{"x":125,"y":224,"width":18,"height":30}},"7847":{"xOffset":0,"yOffset":13,"xAdvance":14,"rect":{"x":316,"y":101,"width":14,"height":27}},"7848":{"xOffset":0,"yOffset":8,"xAdvance":19,"rect":{"x":105,"y":159,"width":19,"height":32}},"7849":{"xOffset":0,"yOffset":12,"xAdvance":16,"rect":{"x":200,"y":24,"width":16,"height":28}},"7850":{"xOffset":0,"yOffset":8,"xAdvance":19,"rect":{"x":105,"y":192,"width":19,"height":32}},"7851":{"xOffset":0,"yOffset":12,"xAdvance":14,"rect":{"x":316,"y":129,"width":14,"height":28}},"7852":{"xOffset":0,"yOffset":12,"xAdvance":19,"rect":{"x":106,"y":29,"width":19,"height":35}},"7853":{"xOffset":0,"yOffset":16,"xAdvance":15,"rect":{"x":300,"y":175,"width":15,"height":31}},"7854":{"xOffset":0,"yOffset":9,"xAdvance":19,"rect":{"x":105,"y":127,"width":19,"height":31}},"7855":{"xOffset":0,"yOffset":12,"xAdvance":14,"rect":{"x":346,"y":82,"width":14,"height":28}},"7856":{"xOffset":0,"yOffset":9,"xAdvance":19,"rect":{"x":85,"y":219,"width":19,"height":31}},"7857":{"xOffset":0,"yOffset":12,"xAdvance":15,"rect":{"x":284,"y":92,"width":15,"height":28}},"7858":{"xOffset":0,"yOffset":8,"xAdvance":18,"rect":{"x":144,"y":126,"width":18,"height":32}},"7859":{"xOffset":0,"yOffset":11,"xAdvance":14,"rect":{"x":331,"y":100,"width":14,"height":29}},"7860":{"xOffset":0,"yOffset":8,"xAdvance":19,"rect":{"x":85,"y":157,"width":19,"height":32}},"7861":{"xOffset":0,"yOffset":12,"xAdvance":14,"rect":{"x":316,"y":190,"width":14,"height":28}},"7862":{"xOffset":0,"yOffset":11,"xAdvance":19,"rect":{"x":86,"y":29,"width":19,"height":36}},"7863":{"xOffset":0,"yOffset":16,"xAdvance":14,"rect":{"x":316,"y":158,"width":14,"height":31}},"7864":{"xOffset":0,"yOffset":17,"xAdvance":14,"rect":{"x":331,"y":159,"width":14,"height":30}},"7865":{"xOffset":0,"yOffset":22,"xAdvance":15,"rect":{"x":268,"y":78,"width":15,"height":25}},"7866":{"xOffset":0,"yOffset":9,"xAdvance":14,"rect":{"x":331,"y":220,"width":14,"height":31}},"7867":{"xOffset":0,"yOffset":14,"xAdvance":15,"rect":{"x":268,"y":178,"width":15,"height":26}},"7868":{"xOffset":0,"yOffset":11,"xAdvance":14,"rect":{"x":331,"y":190,"width":14,"height":29}},"7869":{"xOffset":0,"yOffset":16,"xAdvance":15,"rect":{"x":268,"y":104,"width":15,"height":24}},"7870":{"xOffset":0,"yOffset":9,"xAdvance":16,"rect":{"x":251,"y":32,"width":16,"height":31}},"7871":{"xOffset":0,"yOffset":13,"xAdvance":17,"rect":{"x":164,"y":51,"width":17,"height":27}},"7872":{"xOffset":0,"yOffset":10,"xAdvance":14,"rect":{"x":361,"y":52,"width":14,"height":30}},"7873":{"xOffset":0,"yOffset":13,"xAdvance":15,"rect":{"x":268,"y":25,"width":15,"height":27}},"7874":{"xOffset":0,"yOffset":8,"xAdvance":15,"rect":{"x":300,"y":71,"width":15,"height":32}},"7875":{"xOffset":0,"yOffset":12,"xAdvance":16,"rect":{"x":217,"y":79,"width":16,"height":28}},"7876":{"xOffset":0,"yOffset":8,"xAdvance":14,"rect":{"x":346,"y":176,"width":14,"height":32}},"7877":{"xOffset":0,"yOffset":12,"xAdvance":15,"rect":{"x":284,"y":202,"width":15,"height":28}},"7878":{"xOffset":0,"yOffset":12,"xAdvance":14,"rect":{"x":346,"y":140,"width":14,"height":35}},"7879":{"xOffset":0,"yOffset":16,"xAdvance":15,"rect":{"x":284,"y":146,"width":15,"height":31}},"7880":{"xOffset":0,"yOffset":9,"xAdvance":8,"rect":{"x":387,"y":29,"width":8,"height":31}},"7881":{"xOffset":0,"yOffset":14,"xAdvance":8,"rect":{"x":395,"y":111,"width":8,"height":26}},"7882":{"xOffset":0,"yOffset":17,"xAdvance":6,"rect":{"x":403,"y":193,"width":6,"height":30}},"7883":{"xOffset":0,"yOffset":16,"xAdvance":7,"rect":{"x":396,"y":25,"width":7,"height":31}},"7884":{"xOffset":0,"yOffset":16,"xAdvance":19,"rect":{"x":125,"y":94,"width":19,"height":31}},"7885":{"xOffset":0,"yOffset":22,"xAdvance":16,"rect":{"x":217,"y":53,"width":16,"height":25}},"7886":{"xOffset":0,"yOffset":9,"xAdvance":20,"rect":{"x":44,"y":152,"width":20,"height":31}},"7887":{"xOffset":0,"yOffset":14,"xAdvance":16,"rect":{"x":217,"y":183,"width":16,"height":26}},"7888":{"xOffset":0,"yOffset":9,"xAdvance":20,"rect":{"x":65,"y":29,"width":20,"height":31}},"7889":{"xOffset":0,"yOffset":13,"xAdvance":17,"rect":{"x":163,"y":168,"width":17,"height":27}},"7890":{"xOffset":0,"yOffset":10,"xAdvance":20,"rect":{"x":65,"y":94,"width":20,"height":30}},"7891":{"xOffset":0,"yOffset":13,"xAdvance":16,"rect":{"x":217,"y":0,"width":16,"height":27}},"7892":{"xOffset":0,"yOffset":8,"xAdvance":20,"rect":{"x":65,"y":61,"width":20,"height":32}},"7893":{"xOffset":0,"yOffset":12,"xAdvance":16,"rect":{"x":234,"y":26,"width":16,"height":28}},"7894":{"xOffset":0,"yOffset":8,"xAdvance":20,"rect":{"x":44,"y":65,"width":20,"height":32}},"7895":{"xOffset":0,"yOffset":12,"xAdvance":15,"rect":{"x":300,"y":207,"width":15,"height":28}},"7896":{"xOffset":0,"yOffset":12,"xAdvance":20,"rect":{"x":44,"y":29,"width":20,"height":35}},"7897":{"xOffset":0,"yOffset":16,"xAdvance":16,"rect":{"x":251,"y":181,"width":16,"height":31}},"7898":{"xOffset":0,"yOffset":12,"xAdvance":21,"rect":{"x":0,"y":110,"width":21,"height":28}},"7899":{"xOffset":0,"yOffset":16,"xAdvance":18,"rect":{"x":125,"y":150,"width":18,"height":24}},"7900":{"xOffset":0,"yOffset":12,"xAdvance":21,"rect":{"x":22,"y":165,"width":21,"height":28}},"7901":{"xOffset":0,"yOffset":16,"xAdvance":18,"rect":{"x":125,"y":175,"width":18,"height":24}},"7902":{"xOffset":0,"yOffset":9,"xAdvance":21,"rect":{"x":0,"y":139,"width":21,"height":31}},"7903":{"xOffset":0,"yOffset":14,"xAdvance":17,"rect":{"x":166,"y":0,"width":17,"height":26}},"7904":{"xOffset":0,"yOffset":11,"xAdvance":21,"rect":{"x":22,"y":135,"width":21,"height":29}},"7905":{"xOffset":0,"yOffset":16,"xAdvance":18,"rect":{"x":126,"y":59,"width":18,"height":24}},"7906":{"xOffset":0,"yOffset":14,"xAdvance":21,"rect":{"x":0,"y":198,"width":21,"height":33}},"7907":{"xOffset":0,"yOffset":19,"xAdvance":18,"rect":{"x":128,"y":0,"width":18,"height":28}},"7908":{"xOffset":0,"yOffset":17,"xAdvance":17,"rect":{"x":199,"y":214,"width":17,"height":30}},"7909":{"xOffset":0,"yOffset":22,"xAdvance":14,"rect":{"x":316,"y":50,"width":14,"height":25}},"7910":{"xOffset":0,"yOffset":9,"xAdvance":17,"rect":{"x":199,"y":153,"width":17,"height":31}},"7911":{"xOffset":0,"yOffset":14,"xAdvance":15,"rect":{"x":300,"y":148,"width":15,"height":26}},"7912":{"xOffset":0,"yOffset":12,"xAdvance":20,"rect":{"x":43,"y":194,"width":20,"height":28}},"7913":{"xOffset":0,"yOffset":16,"xAdvance":17,"rect":{"x":163,"y":196,"width":17,"height":24}},"7914":{"xOffset":0,"yOffset":12,"xAdvance":20,"rect":{"x":26,"y":0,"width":20,"height":28}},"7915":{"xOffset":0,"yOffset":16,"xAdvance":18,"rect":{"x":145,"y":58,"width":18,"height":24}},"7916":{"xOffset":0,"yOffset":9,"xAdvance":20,"rect":{"x":23,"y":78,"width":20,"height":31}},"7917":{"xOffset":0,"yOffset":14,"xAdvance":17,"rect":{"x":164,"y":79,"width":17,"height":26}},"7918":{"xOffset":0,"yOffset":11,"xAdvance":20,"rect":{"x":23,"y":48,"width":20,"height":29}},"7919":{"xOffset":0,"yOffset":16,"xAdvance":17,"rect":{"x":181,"y":168,"width":17,"height":24}},"7920":{"xOffset":0,"yOffset":13,"xAdvance":20,"rect":{"x":22,"y":194,"width":20,"height":34}},"7921":{"xOffset":0,"yOffset":19,"xAdvance":18,"rect":{"x":147,"y":0,"width":18,"height":28}},"7922":{"xOffset":0,"yOffset":12,"xAdvance":18,"rect":{"x":145,"y":29,"width":18,"height":28}},"7923":{"xOffset":0,"yOffset":16,"xAdvance":16,"rect":{"x":234,"y":139,"width":16,"height":31}},"7924":{"xOffset":0,"yOffset":17,"xAdvance":18,"rect":{"x":144,"y":159,"width":18,"height":30}},"7925":{"xOffset":0,"yOffset":22,"xAdvance":16,"rect":{"x":200,"y":107,"width":16,"height":25}},"7926":{"xOffset":0,"yOffset":9,"xAdvance":18,"rect":{"x":145,"y":83,"width":18,"height":31}},"7927":{"xOffset":0,"yOffset":14,"xAdvance":16,"rect":{"x":234,"y":105,"width":16,"height":33}},"7928":{"xOffset":0,"yOffset":11,"xAdvance":18,"rect":{"x":144,"y":190,"width":18,"height":29}},"7929":{"xOffset":0,"yOffset":16,"xAdvance":16,"rect":{"x":251,"y":0,"width":16,"height":31}}},"kerningDict":{}}]],0,0,[0],[0],[0]]